1XBet	1xbet.com
22bet	22bet.com
4Cx	4cx.com
Batery	batery.bet
bet105	bet105.io
BET99	bet99.ca
Betcris	betcris.com
BetDeluxe	betdeluxe.com
BetGRW	betgrw.com
betJACK	betjack.com
BetMania	betmania.com
BetNation	betnation.com
BetNation (Australia)	betnation.com.au
Betr (Australia)	betr.com.au
BetVictor	betvictor.com
betwhale	betwhale.com
Boomers	boomers.bet
Borgata	borgata.com
Boyle Sports	boylesports.com
Bracco	bracco.bet
Campeonbet	campeonbet.com
CampoBet	campobet.com
Casumo	casumo.com
Codere	codere.com
Coolbet	coolbet.com
Courtside	courtside.com
Crab Sports	crabsports.com
Danske Spil	dansk-spil.dk
Desert Diamond	desertdiamondcasino.com
Dogg House	dogghouse.com
Fonbet	fonbet.com
Four Winds	fourwinds.com
Galera.bet	galera.bet
GGBet	ggbet.com
Goldbet	goldbet.it
Heritage	heritage.com
HotStreak	hotstreak.com
iBet	ibet.com
Jazz Sports	jazzsports.com
Jugabet (Argentina)	jugabet.com
Jugabet (Chile)	jugabet.com
JustBet	justbet.com
Ladbrokes (Australia)	ladbrokes.com.au
LowVig	lowvig.ag
Lucky Casino	luckycasino.com
Melbet	melbet.com
Mise-o-jeu	miseojeu.com
Neds	neds.com.au
Ninja Casino	ninjacasino.com
NorthStar Bets	northstarbets.com
Oddin	oddin.com
Opinion Labs	opinionlabs.com
Overtime	overtime.com
Ozoon	ozoon.com
Parimatch (Brazil)	parimatch.com
Parimatch (India)	parimatch.com
ParlayPlay	parlayplay.com
partypoker	partypoker.com
Play Alberta	playalberta.com
Playdoit	playdoit.com
PointsBet (Australia)	pointsbet.com
PointsBet (Ontario)	pointsbet.com
Proline	proline.ca
Props Builder	propsbuilder.com
PS3838	ps3838.com
Rizk	rizk.com
RushBet	rushbet.com
SpinBet	spinbet.com
Sportingbet	sportingbet.com
Stake	stake.com
SugarHouse	sugarhouse.com
Supabets	supabets.co.za
Superbet	superbet.com
SurgeBet	surgebet.com
SX Bet	sxbet.com
TAB	tab.co.nz
TAB (New Zealand)	tab.co.nz
ThriveFantasy	thrivefantasy.com
Tipsport	tipsport.com
