bet105	bet105.io
Betcris	betcris.com
BetDeluxe	betdeluxe.com
Betfair	betfair.com
Betfair Exchange	betfair.com
Betfair Exchange (Australia)	betfair.com
Betfair Exchange (Australia) (Lay)	betfair.com
22bet	22bet.com
Betfair Exchange (Lay)	betfair.com
4Cx	4cx.com
BetNation	betnation.com
BetGRW	betgrw.com
BET99	bet99.ca
BetNation (Australia)	betnation.com.au
Batery	batery.bet
Betplay	betplay.com
Betr (Australia)	betr.com.au
betJACK	betjack.com
1XBet	1xbet.com
BetVictor	betvictor.com
Boomers	boomers.bet
betwhale	betwhale.com
Bracco	bracco.bet
BetMania	betmania.com
CampoBet	campobet.com
BetMGM	betmgm.com
Codere	codere.com
Bets IO	bets.io
Courtside	courtside.com
Campeonbet	campeonbet.com
Casumo	casumo.com
Boyle Sports	boylesports.com
Borgata	borgata.com
Dogg House	dogghouse.com
EPICK	epick.com
Crab Sports	crabsports.com
EPICK 50/50	epick.com
Galera.bet	galera.bet
Coolbet	coolbet.com
Fonbet	fonbet.com
Danske Spil	dansk-spil.dk
Goldbet	goldbet.it
Heritage	heritage.com
iBet	ibet.com
Jazz Sports	jazzsports.com
Jugabet (Chile)	jugabet.com
Jugabet (Argentina)	jugabet.com
JustBet	justbet.com
Ladbrokes (Australia)	ladbrokes.com.au
Lucky Casino	luckycasino.com
Melbet	melbet.com
Neds	neds.com.au
Ninja Casino	ninjacasino.com
LowVig	lowvig.ag
Mise-o-jeu	miseojeu.com
NorthStar Bets	northstarbets.com
Overtime	overtime.com
Ozoon	ozoon.com
bwin	bwin.com
Coral	coral.co.uk
ParlayPlay	parlayplay.com
Parimatch (Brazil)	parimatch.com
Parimatch (India)	parimatch.com
Playdoit	playdoit.com
Play Alberta	playalberta.com
PointsBet (Australia)	pointsbet.com
Oddin	oddin.com
Props Builder	propsbuilder.com
PS3838	ps3838.com
PointsBet (Ontario)	pointsbet.com
Proline	proline.ca
Rizk	rizk.com
RushBet	rushbet.com
SpinBet	spinbet.com
Desert Diamond	desertdiamondcasino.com
Four Winds	fourwinds.com
Sports Interaction	sportsinteraction.com
Stake	stake.com
SurgeBet	surgebet.com
Superbet	superbet.com
TAB	tab.co.nz
Supabets	supabets.co.za
SugarHouse	sugarhouse.com
TAB (New Zealand)	tab.co.nz
ThriveFantasy	thrivefantasy.com
HotStreak	hotstreak.com
TonyBet	tonybet.com
Unibet	unibet.com
Unibet (Australia)	unibet.com
SX Bet	sxbet.com
Unibet (Denmark)	unibet.com
Unibet (Sweden)	unibet.com
Unibet (United Kingdom)	unibet.com
Ladbrokes	ladbrokes.com
Opinion Labs	opinionlabs.com
partypoker	partypoker.com
GGBet	ggbet.com
Sportingbet	sportingbet.com
Tipsport	tipsport.com
